ninef,Car
ninef2,Car
blista,Car
asea,Car
asea2,Car
boattrailer,Misc
bus,Truck
armytanker,Misc
armytrailer,Misc
armytrailer2,Misc
freighttrailer,Misc
coach,Truck
airbus,Truck
asterope,Car
astrope,Car
airtug,Misc
ambulance,Van
barracks,Truck
barracks2,Van
baller,Car
baller2,Car
roosevelt, Car
bjxl,Car
banshee,Car
benson,Truck
bfinjection,Car
biff,Van
blazer,Misc
blazer2,Misc
blazer3,Misc
bison,Car
bison2,Car
bison3,Car
boxville,Van
boxville2,Van
boxville3,Van
bobcatxl,Car
bodhi2,Car
buccaneer,Car
buffalo,Car
buffalo2,Car
bulldoze,Misc
bulldozer,Misc
bullet,Car
blimp,Misc
burrito,Car
burrito2,Car
burrito3,Car
burrito4,Car
burrito5,Car
cavcade,Car
cavalcade,Car
cavalcade2,Car
policet,Car
gburrito,Car
cablecar,Misc
caddy,Misc
caddy2,Misc
camper,Van
carboniz,Car
carbonizzare,Car
cheetah,Car
comet2,Car
cogcabrio,Car
coquette,Car
cutter,Misc
gresley,Car
dilettan,Car
dilettante,Car
dilettante2,Car
dune,Car
dune2,Car
hotknife,Car
dloader,Car
dubsta,Car
dubsta2,Car
dump,Misc
rubble,Truck
docktug,Misc
dominator,Car
emperor,Car
emperor2,Car
emperor3,Car
entityxf,Car
exemplar,Car
elegy2,Car
f620,Car
fbi,Car
fbi2,Car
felon,Car
felon2,Car
feltzer2,Car
firetruk,Truck
flatbed,Truck
fork,Misc
forklift,Misc
fq2,Car
fusilade,Car
fugitive,Car
futo,Car
granger,Car
gauntlet,Car
habanero,Car
hauler,Van
handler,Misc
infernus,Car
ingot,Car
intruder,Car
issi2,Car
jackal,Car
journey,Van
jb700,Car
khamelion,Car
landstal,Car
landstalker,Car
lguard,Car
manana,Car
mesa,Car
mesa2,Car
mesa3,Car
crusader,Car
minivan,Car
mixer,Truck
mixer2,Truck
monroe,Car
mower,Misc
mule,Truck
mule2,Truck
oracle,Car
oracle2,Car
packer,Truck
patriot,Car
pbus,Truck
penumbra,Car
peyote,Car
phantom,Truck
phoenix,Car
picador,Car
pounder,Truck
police,Car
police4,Car
police2,Car
police3,Car
policeold1,Car
policeold2,Car
pony,Car
pony2,Car
prairie,Car
pranger,Car
premier,Car
primo,Car
proptrailer,Misc
rancherxl,Car
rancherxl2,Car
rapidgt,Car
rapidgt2,Car
radi,Car
rloader,Car
rebel,Car
regina,Car
rebel2,Car
rentbus,Van
rentalbus,Van
ruiner,Car
rumpo,Car
rumpo2,Car
rhino,Misc
riot,Van
ripley,Misc
rocoto,Car
romero,Car
sabregt,Car
sadler,Car
sadler2,Car
sandking,Car
sandking2,Car
schafter2,Car
schwarzer,Car
schwarze,Car
scrap,Van
seminole,Car
sentinel,Car
sentinel2,Car
zion,Car
zion2,Car
serrano,Car
sheriff,Car
sheriff2,Car
speedo,Car
speedo2,Car
stanier,Car
stinger,Car
stingergt,Car
stockade,Van
stockade3,Van
stratum,Car
sultan,Car
superd,Car
surano,Car
surfer,Car
surfer2,Car
surge,Car
taco,Van
tailgater,Car
taxi,Car
trash,Truck
tractor,Misc
tractor2,Misc
tractor3,Misc
graintrailer,Misc
baletrailer,Misc
tiptruck,Truck
tiptruck2,Truck
tornado,Car
tornado2,Car
tornado3,Car
tornado4,Car
tourbus,Van
towtruck,Van
towtruck2,Van
utiltruck,Van
utillitruck,Van
utillitruck2,Van
utillitruck3,Car
voodoo2,Car
washington,Car
stretch,Car
youga,Car
ztype,Car
sanchez,Misc
sanchez2,Misc
scorcher,Cyclist
tribike,Cyclist
tribike2,Cyclist
tribike3,Cyclist
fixter,Cyclist
cruiser,Cyclist
bmx,Cyclist
policeb,Misc
akuma,Misc
carbonrs,Misc
bagger,Misc
bati,Misc
bati2,Misc
ruffian,Misc
daemon,Misc
double,Misc
pcj,Misc
vader,Misc
vigero,Car
faggio2,Misc
hexer,Misc
annihilator,Misc
buzzard,Misc
buzzard2,Misc
cargobob,Misc
cargobob2,Misc
cargobob3,Misc
skylift,Misc
polmav,Misc
maverick,Misc
nemesis,Misc
frogger,Misc
frogger2,Misc
cuban800,Misc
duster,Misc
stunt,Misc
mammatus,Misc
jet,Misc
shamal,Misc
luxor,Misc
titan,Misc
lazer,Misc
cargoplane,Misc
squalo,Misc
marquis,Misc
dinghy,Misc
dinghy2,Misc
jetmax,Misc
predator,Misc
tropic,Misc
seashark,Misc
seashark2,Misc
submersible,Misc
freightcar,Misc
freight,Misc
freightcont1,Misc
freightcont2,Misc
freightgrain,Misc
tankercar,Misc
metrotrain,Tram
docktrailer,Misc
trailer,Misc
trailers,Misc
trailers2,Misc
trailers3,Misc
tvtrailer,Misc
raketrailer,Misc
tanker,Misc
trailerlogs,Misc
tr2,Misc
tr3,Misc
tr4,Misc
trflat,Misc
trailersmall,Misc
velum,Misc
adder,Car
voltic,Car
vacca,Car
suntrap,Misc
blazer5,Misc
boxville5,Van
comet3,Car
diablous,Misc
diablous2,Misc
dune4,Car
dune5,Car
elegy,Car
fcr,Misc
fcr2,Misc
italigtb,Car
italigtb2,Car
nero,Car
nero2,Car
penetrator,Car
phantom2,Misc
ruiner2,Car
ruiner3,Car
specter,Car
specter2,Car
technical2,Car
tempesta,Car
voltic2,Car
wastelander,Truck
banshee2,Car
sultanrs,Car
buccaneer2,Car
chino2,Car
faction,Car
faction2,Car
moonbeam,Car
moonbeam2,Car
primo2,Car
voodoo,Car
faction3,Car
minivan2,Car
sabregt2,Car
slamvan3,Car
tornado5,Car
virgo2,Car
virgo3,Car
feltzer3,Car
luxor2,Misc
osiris,Car
swift2,Misc
virgo,Car
windsor,Car
brawler,Car
chino,Car
coquette3,Car
t20,Car
toro,Misc
vindicator,Misc
gp1,Car
infernus2,Car
ruston,Car
turismo2,Car
bf400,Misc
brioso,Car
cliffhanger,Misc
contender,Car
gargoyle,Misc
le7b,Car
lynx,Car
omnis,Car
rallytruck,Truck
sheava,Car
tampa2,Car
trophytruck,Car
trophytruck2,Car
tropos,Car
tyrus,Car
roosevelt2,Car
tampa,Car
bifta,Misc
kalahari,Car
paradise,Car
speeder,Misc
alpha,Car
jester,Car
turismor,Car
vestra,Misc
huntley,Car
massacro,Car
thrust,Misc
zentorno,Car
rhapsody,Car
dubsta3,Car
warrener,Car
blade,Car
glendale,Car
panto,Car
pigalle,Car
monster,Van
sovereign,Misc
furoregt,Car
furore,Car
hakuchou,Misc
innovation,Misc
besra,Misc
coquette2,Car
miljet,Misc
swift,Misc
blimp2,Misc
blista2,Car
blista3,Car
buffalo3,Car
dodo,Misc
dominato,Car
dominator2,Car
dukes,Car
dukes2,Car
gauntlet2,Car
marshall,Van
stalion,Car
stalion2,Car
submersible2,Misc
baller3,Car
baller4,Car
baller5,Car
baller6,Car
cargobob4,Misc
cog55,Car
cog552,Car
cognoscenti,Car
cognoscenti2,Car
dinghy4,Misc
limo2,Car
mamba,Car
nightshade,Car
schafter,Car
schafter3,Car
schafter4,Car
schafter5,Car
schafter6,Car
seashark3,Misc
speeder2,Misc
supervolito,Misc
supervolito2,Misc
toro2,Misc
tropic2,Misc
valkyrie2,Misc
verlierer2,Car
avarus,Misc
blazer4,Misc
chimera,Misc
daemon2,Misc
defiler,Misc
esskey,Misc
faggio,Misc
faggio3,Misc
hakuchou2,Misc
manchez,Misc
nightblade,Misc
raptor,Misc
ratbike,Misc
sanctus,Misc
shotaro,Misc
tornado6,Car
vortex,Misc
wolfsbane,Misc
youga2,Car
zombiea,Misc
zombieb,Misc
jester2,Car
massacro2,Car
rloader2,Car
slamvan,Car
seven70,Car
pfister811,Car
bestiagts,Car
brickade,Truck
fmj,Car
nimbus,Misc
prototipo,Car
reaper,Car
rumpo3,Car
tug,Misc
volatus,Misc
windsor2,Car
xls,Car
xls2,Car
apc,Misc
ardent,Car
caddy3,Misc
cheetah2,Car
dune3,Misc
halftrack,Van
hauler2,Van
insurgent3,Car
trailerlarge,Misc
nightshark,Car
oppressor,Misc
phantom3,Truck
tampa3,Car
technical3,Car
torero,Car
trailersmall2,Misc
vagner,Car
xa21,Car
btype2,Car
lurcher,Car
casco,Car
enduro,Misc
gburrito2,Car
guardian,Van
hydra,Misc
insurgent,Car
insurgent2,Car
kuruma,Car
kuruma2,Car
lectro,Misc
savage,Misc
slamvan2,Car
technical,Car
valkyrie,Misc
velum2,Misc